value,total_count,target_count,non_target_count,percent_target_within_group,percent_of_all_records,percent_of_all_target,support_warning
1,342487,2615,339872,0.7635326304356078,77.15321972043569,16.8448853388302,
2,3267,3,3264,0.09182736455463728,0.7359682815016726,0.01932491625869621,LOW_TARGET_SUPPORT
3,43806,1552,42254,3.542893667534128,9.868327682724907,9.99742334449884,
UNKNOWN,54345,11354,42991,20.892446407213175,12.242484315337741,73.13836640041227,
TOTAL_RECORDS,443905,15524,428381,3.497144659330262,100.0,100.0,
TOTAL_ASSIGNMENTS,443905,15524,428381,3.497144659330262,100.0,100.0,
