value,total_count,target_count,non_target_count,percent_target_within_group,percent_of_all_records,percent_of_all_target,support_warning
GNPS,389560,4170,385390,1.0704384433720093,87.75751568466225,26.861633599587737,
MassSpecGym,54345,11354,42991,20.892446407213175,12.242484315337741,73.13836640041227,
TOTAL_RECORDS,443905,15524,428381,3.497144659330262,100.0,100.0,
TOTAL_ASSIGNMENTS,443905,15524,428381,3.497144659330262,100.0,100.0,
