atom_count,record_count,percent_of_formula_records,contains_target
0,428381,96.50285534066974,false
1,14501,3.266689944920648,true
2,531,0.11962018900440409,true
3,104,0.023428436264516055,true
6,388,0.08740608914069452,true
