value,total_count,target_count,non_target_count,percent_target_within_group,percent_of_all_records,percent_of_all_target,support_warning
PubChem,123930189,5588,123924601,0.004508990137988089,100.0,100.0,
TOTAL_RECORDS,123930189,5588,123924601,0.004508990137988089,100.0,100.0,
TOTAL_ASSIGNMENTS,123930189,5588,123924601,0.004508990137988089,100.0,100.0,
