atom_count,record_count,percent_of_formula_records,contains_target
0,123924601,99.99549100986201,false
1,4813,0.0038836380698168706,true
2,525,0.0004236255945675997,true
3,81,0.00006535937744757251,true
4,98,0.00007907677765261861,true
5,42,0.000033890047565407975,true
6,10,8.069058944144757e-6,true
7,7,5.648341260901329e-6,true
8,3,2.420717683243427e-6,true
9,4,3.227623577657902e-6,true
10,1,8.069058944144755e-7,true
12,2,1.613811788828951e-6,true
88,2,1.613811788828951e-6,true
