atom_count,record_count,percent_of_formula_records,contains_target
0,123927999,99.99823287609124,false
1,1878,0.0015153692697103852,true
2,218,0.00017590548498235567,true
3,31,0.000025014082726848746,true
4,47,0.00003792457703748035,true
5,2,1.613811788828951e-6,true
6,7,5.648341260901329e-6,true
7,1,8.069058944144755e-7,true
8,3,2.420717683243427e-6,true
9,3,2.420717683243427e-6,true
