atom_count,record_count,percent_of_formula_records,contains_target
0,123930110,99.99993625443435,false
1,55,0.000044379824192796155,true
2,15,0.000012103588416217134,true
3,6,4.841435366486854e-6,true
4,1,8.069058944144755e-7,true
5,1,8.069058944144755e-7,true
8,1,8.069058944144755e-7,true
