value,total_count,target_count,non_target_count,percent_target_within_group,percent_of_all_records,percent_of_all_target,support_warning
GNPS,389560,389560,0,100.0,87.75751568466225,87.75751568466225,
MassSpecGym,54345,54345,0,100.0,12.242484315337741,12.242484315337741,
TOTAL_RECORDS,443905,443905,0,100.0,100.0,100.0,
TOTAL_ASSIGNMENTS,443905,443905,0,100.0,100.0,100.0,
