atom_count,record_count,percent_of_formula_records,contains_target
1,443453,99.8981764116196,true
2,396,0.08920827654565729,true
3,56,0.012615311834739414,true
