value,total_count,target_count,non_target_count,percent_target_within_group,percent_of_all_records,percent_of_all_target,support_warning
GNPS,389560,377306,12254,96.85439983571209,87.75751568466225,87.94478656305212,
MassSpecGym,54345,51720,2625,95.169748826939,12.242484315337741,12.055213436947877,
TOTAL_RECORDS,443905,429026,14879,96.64815670019486,100.0,100.0,
TOTAL_ASSIGNMENTS,443905,429026,14879,96.64815670019486,100.0,100.0,
