value,total_count,target_count,non_target_count,percent_target_within_group,percent_of_all_records,percent_of_all_target,support_warning
1,342487,332484,10003,97.07930519990539,77.15321972043569,77.49740108991064,
2,3267,3266,1,99.96939087848179,0.7359682815016726,0.7612592243826715,
3,43806,41556,2250,94.86371729900014,9.868327682724907,9.686126248758816,
UNKNOWN,54345,51720,2625,95.169748826939,12.242484315337741,12.055213436947877,
TOTAL_RECORDS,443905,429026,14879,96.64815670019486,100.0,100.0,
TOTAL_ASSIGNMENTS,443905,429026,14879,96.64815670019486,100.0,100.0,
