atom_count,record_count,percent_of_formula_records,contains_target
0,14879,3.3518432998051386,false
1,427990,96.41477343125219,true
2,818,0.1842736621574436,true
3,133,0.029961365607506108,true
4,26,0.005857109066129014,true
6,58,0.01306585868598011,true
9,1,0.00022527342562034668,true
