value,total_count,target_count,non_target_count,percent_target_within_group,percent_of_all_records,percent_of_all_target,support_warning
GNPS,389560,134,389426,0.0343977821131533,87.75751568466225,98.52941176470588,
MassSpecGym,54345,2,54343,0.0036801913699512374,12.242484315337741,1.4705882352941175,LOW_TARGET_SUPPORT
TOTAL_RECORDS,443905,136,443769,0.030637185884367153,100.0,100.0,
TOTAL_ASSIGNMENTS,443905,136,443769,0.030637185884367153,100.0,100.0,
