value,total_count,target_count,non_target_count,percent_target_within_group,percent_of_all_records,percent_of_all_target,support_warning
1,342487,46860,295627,13.682271151897737,77.15321972043569,83.6980013217354,
2,3267,175,3092,5.356596265687175,0.7359682815016726,0.3125725614874882,
3,43806,4967,38839,11.338629411496141,9.868327682724907,8.871702359476306,
UNKNOWN,54345,3985,50360,7.33278130462784,12.242484315337741,7.117723757300802,
TOTAL_RECORDS,443905,55987,387918,12.612383280206352,100.0,100.0,
TOTAL_ASSIGNMENTS,443905,55987,387918,12.612383280206352,100.0,100.0,
