value,total_count,target_count,non_target_count,percent_target_within_group,percent_of_all_records,percent_of_all_target,support_warning
GNPS,389560,52002,337558,13.34890645856864,87.75751568466225,92.8822762426992,
MassSpecGym,54345,3985,50360,7.33278130462784,12.242484315337741,7.117723757300802,
TOTAL_RECORDS,443905,55987,387918,12.612383280206352,100.0,100.0,
TOTAL_ASSIGNMENTS,443905,55987,387918,12.612383280206352,100.0,100.0,
