atom_count,record_count,percent_of_formula_records,contains_target
0,387918,87.38761671979364,false
1,55963,12.606976717991461,true
2,24,0.005406562214888321,true
