value,total_count,target_count,non_target_count,percent_target_within_group,percent_of_all_records,percent_of_all_target,support_warning
1,342487,21138,321349,6.171913094511616,77.15321972043569,77.62761659933896,
2,3267,132,3135,4.040404040404041,0.7359682815016726,0.4847594564818215,
3,43806,2981,40825,6.805003880746929,9.868327682724907,10.94748439221447,
UNKNOWN,54345,2979,51366,5.481645045542368,12.242484315337741,10.940139551964744,
TOTAL_RECORDS,443905,27230,416675,6.1341953796420405,100.0,100.0,
TOTAL_ASSIGNMENTS,443905,27230,416675,6.1341953796420405,100.0,100.0,
