value,total_count,target_count,non_target_count,percent_target_within_group,percent_of_all_records,percent_of_all_target,support_warning
GNPS,389560,24251,365309,6.2252284628812,87.75751568466225,89.05986044803525,
MassSpecGym,54345,2979,51366,5.481645045542368,12.242484315337741,10.940139551964744,
TOTAL_RECORDS,443905,27230,416675,6.1341953796420405,100.0,100.0,
TOTAL_ASSIGNMENTS,443905,27230,416675,6.1341953796420405,100.0,100.0,
