atom_count,record_count,percent_of_formula_records,contains_target
0,416675,93.86580462035796,false
1,27012,6.085085772856805,true
2,218,0.04910960678523558,true
