atom_count,record_count,percent_of_formula_records,contains_target
0,416675,93.86580462035796,false
1,22410,5.04837746815197,true
2,4191,0.944120926774873,true
3,536,0.12074655613250583,true
4,58,0.01306585868598011,true
5,1,0.00022527342562034668,true
6,34,0.007659296471091788,true
