value,total_count,target_count,non_target_count,percent_target_within_group,percent_of_all_records,percent_of_all_target,support_warning
GNPS,389560,250638,138922,64.3387411438546,87.75751568466225,87.06184761276205,
MassSpecGym,54345,37247,17098,68.53804397828686,12.242484315337741,12.938152387237958,
TOTAL_RECORDS,443905,287885,156020,64.8528401347135,100.0,100.0,
TOTAL_ASSIGNMENTS,443905,287885,156020,64.8528401347135,100.0,100.0,
