value,total_count,target_count,non_target_count,percent_target_within_group,percent_of_all_records,percent_of_all_target,support_warning
1,342487,218668,123819,63.847094926230774,77.15321972043569,75.95671882869895,
2,3267,2585,682,79.12457912457911,0.7359682815016726,0.8979279920801709,
3,43806,29385,14421,67.07985207505821,9.868327682724907,10.20720079198291,
UNKNOWN,54345,37247,17098,68.53804397828686,12.242484315337741,12.938152387237958,
TOTAL_RECORDS,443905,287885,156020,64.8528401347135,100.0,100.0,
TOTAL_ASSIGNMENTS,443905,287885,156020,64.8528401347135,100.0,100.0,
