atom_count,record_count,percent_of_formula_records,contains_target
0,156020,35.14715986528649,false
1,287717,64.81499419920928,true
2,167,0.0376206620785979,true
3,1,0.00022527342562034668,true
