atom_count,record_count,percent_of_formula_records,contains_target
0,123927882,99.99813846810159,false
1,1771,0.0014290303390080362,true
2,390,0.0003146932988216455,true
3,47,0.00003792457703748035,true
4,67,0.00005406269492576987,true
5,8,6.455247155315804e-6,true
6,11,8.87596483855923e-6,true
7,4,3.227623577657902e-6,true
8,6,4.841435366486854e-6,true
9,2,1.613811788828951e-6,true
10,1,8.069058944144755e-7,true
