atom_count,record_count,percent_of_formula_records,contains_target
0,123929780,99.99966997548918,false
1,344,0.0002775756276785796,true
2,50,0.00004034529472072377,true
3,7,5.648341260901329e-6,true
4,4,3.227623577657902e-6,true
5,1,8.069058944144755e-7,true
8,1,8.069058944144755e-7,true
9,1,8.069058944144755e-7,true
12,1,8.069058944144755e-7,true
