value,total_count,target_count,non_target_count,percent_target_within_group,percent_of_all_records,percent_of_all_target,support_warning
Alkaloids,210679,1,210678,0.0004746557559130241,47.46038003626902,16.666666666666664,LOW_TARGET_SUPPORT
Amino acids and Peptides,30102,5,30097,0.01661019201381968,6.781180658023676,83.33333333333334,LOW_TARGET_SUPPORT
Carbohydrates,8225,0,8225,0.0,1.8528739257273517,0.0,NO_TARGET_POSITIVES
Fatty acids,27710,0,27710,0.0,6.242326623939807,0.0,NO_TARGET_POSITIVES
Polyketides,19715,0,19715,0.0,4.441265586105135,0.0,NO_TARGET_POSITIVES
Shikimates and Phenylpropanoids,88308,0,88308,0.0,19.893445669681576,0.0,NO_TARGET_POSITIVES
Terpenoids,70569,0,70569,0.0,15.897320372602247,0.0,NO_TARGET_POSITIVES
TOTAL_RECORDS,443905,6,443899,0.0013516405537220802,100.0,100.0,
TOTAL_ASSIGNMENTS,455308,6,455302,0.0013177892767093924,102.56879287234881,100.0,
