value,total_count,target_count,non_target_count,percent_target_within_group,percent_of_all_records,percent_of_all_target,support_warning
1,342487,3637,338850,1.061938117359199,77.15321972043569,86.34852801519469,
2,3267,0,3267,0.0,0.7359682815016726,0.0,NO_TARGET_POSITIVES
3,43806,346,43460,0.7898461397982011,9.868327682724907,8.214624881291547,
UNKNOWN,54345,229,54116,0.4213819118594167,12.242484315337741,5.43684710351377,
TOTAL_RECORDS,443905,4212,439693,0.9488516687129004,100.0,100.0,
TOTAL_ASSIGNMENTS,443905,4212,439693,0.9488516687129004,100.0,100.0,
