value,total_count,target_count,non_target_count,percent_target_within_group,percent_of_all_records,percent_of_all_target,support_warning
GNPS,389560,3983,385577,1.0224355683335045,87.75751568466225,94.56315289648623,
MassSpecGym,54345,229,54116,0.4213819118594167,12.242484315337741,5.43684710351377,
TOTAL_RECORDS,443905,4212,439693,0.9488516687129004,100.0,100.0,
TOTAL_ASSIGNMENTS,443905,4212,439693,0.9488516687129004,100.0,100.0,
