value,total_count,target_count,non_target_count,percent_target_within_group,percent_of_all_records,percent_of_all_target,support_warning
Alkaloids,210679,3346,207333,1.5881981592849788,47.46038003626902,79.43969610636277,
Amino acids and Peptides,30102,202,29900,0.671051757358315,6.781180658023676,4.795821462488129,
Carbohydrates,8225,31,8194,0.3768996960486322,1.8528739257273517,0.7359924026590694,
Fatty acids,27710,18,27692,0.06495849873691809,6.242326623939807,0.4273504273504274,
Polyketides,19715,139,19576,0.7050469185899062,4.441265586105135,3.300094966761633,
Shikimates and Phenylpropanoids,88308,437,87871,0.49485890293065177,19.893445669681576,10.37511870845204,
Terpenoids,70569,122,70447,0.17288044325412008,15.897320372602247,2.8964862298195633,
TOTAL_RECORDS,443905,4212,439693,0.9488516687129004,100.0,100.0,
TOTAL_ASSIGNMENTS,455308,4295,451013,0.9433174905778066,102.56879287234881,101.97056030389365,
