atom_count,record_count,percent_of_formula_records,contains_target
0,439693,99.0511483312871,false
1,3949,0.8896047577747491,true
2,224,0.050461247338957654,true
3,13,0.002928554533064507,true
4,14,0.0031538279586848534,true
5,8,0.0018021874049627734,true
6,4,0.0009010937024813867,true
