atom_count,record_count,percent_of_formula_records,contains_target
0,123929614,99.99953602911071,false
1,516,0.00041636344151786935,true
2,33,0.00002662789451567769,true
3,18,0.000014524306099460559,true
4,1,8.069058944144755e-7,true
5,2,1.613811788828951e-6,true
6,1,8.069058944144755e-7,true
8,3,2.420717683243427e-6,true
15,1,8.069058944144755e-7,true
