value,total_count,target_count,non_target_count,percent_target_within_group,percent_of_all_records,percent_of_all_target,support_warning
1,342487,896,341591,0.26161576935766906,77.15321972043569,66.96562032884903,
2,3267,0,3267,0.0,0.7359682815016726,0.0,NO_TARGET_POSITIVES
3,43806,229,43577,0.5227594393462083,9.868327682724907,17.11509715994021,
UNKNOWN,54345,213,54132,0.3919403808998068,12.242484315337741,15.919282511210762,
TOTAL_RECORDS,443905,1338,442567,0.30141584348002387,100.0,100.0,
TOTAL_ASSIGNMENTS,443905,1338,442567,0.30141584348002387,100.0,100.0,
