value,total_count,target_count,non_target_count,percent_target_within_group,percent_of_all_records,percent_of_all_target,support_warning
GNPS,389560,1125,388435,0.2887873498305781,87.75751568466225,84.08071748878923,
MassSpecGym,54345,213,54132,0.3919403808998068,12.242484315337741,15.919282511210762,
TOTAL_RECORDS,443905,1338,442567,0.30141584348002387,100.0,100.0,
TOTAL_ASSIGNMENTS,443905,1338,442567,0.30141584348002387,100.0,100.0,
