atom_count,record_count,percent_of_formula_records,contains_target
0,442567,99.69858415651997,false
1,802,0.18066928734751805,true
2,133,0.029961365607506108,true
3,317,0.0714116759216499,true
4,72,0.01621968664466496,true
6,14,0.0031538279586848534,true
