value,total_count,target_count,non_target_count,percent_target_within_group,percent_of_all_records,percent_of_all_target,support_warning
GNPS,389560,85,389475,0.0218194886538659,87.75751568466225,100.0,
MassSpecGym,54345,0,54345,0.0,12.242484315337741,0.0,NO_TARGET_POSITIVES
TOTAL_RECORDS,443905,85,443820,0.01914824117772947,100.0,100.0,
TOTAL_ASSIGNMENTS,443905,85,443820,0.01914824117772947,100.0,100.0,
