value,total_count,target_count,non_target_count,percent_target_within_group,percent_of_all_records,percent_of_all_target,support_warning
PubChem,123930189,6100,123924089,0.004922125955928301,100.0,100.0,
TOTAL_RECORDS,123930189,6100,123924089,0.004922125955928301,100.0,100.0,
TOTAL_ASSIGNMENTS,123930189,6100,123924089,0.004922125955928301,100.0,100.0,
