value,total_count,target_count,non_target_count,percent_target_within_group,percent_of_all_records,percent_of_all_target,support_warning
GNPS,389560,42,389518,0.010781394393674915,87.75751568466225,54.54545454545454,
MassSpecGym,54345,35,54310,0.06440334897414665,12.242484315337741,45.45454545454545,
TOTAL_RECORDS,443905,77,443828,0.017346053772766695,100.0,100.0,
TOTAL_ASSIGNMENTS,443905,77,443828,0.017346053772766695,100.0,100.0,
