value,total_count,target_count,non_target_count,percent_target_within_group,percent_of_all_records,percent_of_all_target,support_warning
1,342487,342487,0,100.0,77.15321972043569,77.15408875872944,
2,3267,3267,0,100.0,0.7359682815016726,0.7359765712998423,
3,43806,43801,5,99.98858603844222,9.868327682724907,9.867312457760757,
UNKNOWN,54345,54345,0,100.0,12.242484315337741,12.242622212209957,
TOTAL_RECORDS,443905,443900,5,99.99887363287189,100.0,100.0,
TOTAL_ASSIGNMENTS,443905,443900,5,99.99887363287189,100.0,100.0,
