atom_count,record_count,percent_of_formula_records,contains_target
0,5,0.0011263671281017335,false
1,441762,99.5172390488956,true
2,1779,0.4007614241785968,true
3,220,0.04956015363647628,true
4,80,0.018021874049627736,true
8,58,0.01306585868598011,true
9,1,0.00022527342562034668,true
