value,total_count,target_count,non_target_count,percent_target_within_group,percent_of_all_records,percent_of_all_target,support_warning
PubChem,123930189,5563,123924626,0.004488817490627728,100.0,100.0,
TOTAL_RECORDS,123930189,5563,123924626,0.004488817490627728,100.0,100.0,
TOTAL_ASSIGNMENTS,123930189,5563,123924626,0.004488817490627728,100.0,100.0,
