value,total_count,target_count,non_target_count,percent_target_within_group,percent_of_all_records,percent_of_all_target,support_warning
GNPS,389560,17,389543,0.00436389773077318,87.75751568466225,68.0,
MassSpecGym,54345,8,54337,0.01472076547980495,12.242484315337741,32.0,LOW_TARGET_SUPPORT
TOTAL_RECORDS,443905,25,443880,0.005631835640508668,100.0,100.0,
TOTAL_ASSIGNMENTS,443905,25,443880,0.005631835640508668,100.0,100.0,
