value,total_count,target_count,non_target_count,percent_target_within_group,percent_of_all_records,percent_of_all_target,support_warning
GNPS,389560,514,389046,0.13194373138925966,87.75751568466225,100.0,
MassSpecGym,54345,0,54345,0.0,12.242484315337741,0.0,NO_TARGET_POSITIVES
TOTAL_RECORDS,443905,514,443391,0.1157905407688582,100.0,100.0,
TOTAL_ASSIGNMENTS,443905,514,443391,0.1157905407688582,100.0,100.0,
