atom_count,record_count,percent_of_formula_records,contains_target
0,123928397,99.99855402463722,false
1,1553,0.0012531248540256805,true
2,179,0.0001444361551001911,true
3,11,8.87596483855923e-6,true
4,33,0.00002662789451567769,true
5,7,5.648341260901329e-6,true
6,2,1.613811788828951e-6,true
8,3,2.420717683243427e-6,true
9,2,1.613811788828951e-6,true
16,1,8.069058944144755e-7,true
36,1,8.069058944144755e-7,true
