atom_count,record_count,percent_of_formula_records,contains_target
0,123929964,99.99981844617376,false
1,203,0.00016380189656613854,true
2,12,9.682870732973708e-6,true
5,1,8.069058944144755e-7,true
6,1,8.069058944144755e-7,true
7,1,8.069058944144755e-7,true
11,5,4.034529472072378e-6,true
15,1,8.069058944144755e-7,true
60,1,8.069058944144755e-7,true
