value,total_count,target_count,non_target_count,percent_target_within_group,percent_of_all_records,percent_of_all_target,support_warning
Alkaloids,210679,20,210659,0.009493115118260483,47.46038003626902,29.850746268656714,
Amino acids and Peptides,30102,47,30055,0.156135804929905,6.781180658023676,70.1492537313433,
Carbohydrates,8225,0,8225,0.0,1.8528739257273517,0.0,NO_TARGET_POSITIVES
Fatty acids,27710,0,27710,0.0,6.242326623939807,0.0,NO_TARGET_POSITIVES
Polyketides,19715,0,19715,0.0,4.441265586105135,0.0,NO_TARGET_POSITIVES
Shikimates and Phenylpropanoids,88308,0,88308,0.0,19.893445669681576,0.0,NO_TARGET_POSITIVES
Terpenoids,70569,0,70569,0.0,15.897320372602247,0.0,NO_TARGET_POSITIVES
TOTAL_RECORDS,443905,67,443838,0.015093319516563229,100.0,100.0,
TOTAL_ASSIGNMENTS,455308,67,455241,0.014715313589921548,102.56879287234881,100.0,
