value,total_count,target_count,non_target_count,percent_target_within_group,percent_of_all_records,percent_of_all_target,support_warning
1,342487,40,342447,0.011679275417753083,77.15321972043569,59.70149253731343,
2,3267,0,3267,0.0,0.7359682815016726,0.0,NO_TARGET_POSITIVES
3,43806,23,43783,0.05250422316577638,9.868327682724907,34.32835820895522,
UNKNOWN,54345,4,54341,0.007360382739902475,12.242484315337741,5.970149253731343,LOW_TARGET_SUPPORT
TOTAL_RECORDS,443905,67,443838,0.015093319516563229,100.0,100.0,
TOTAL_ASSIGNMENTS,443905,67,443838,0.015093319516563229,100.0,100.0,
