value,total_count,target_count,non_target_count,percent_target_within_group,percent_of_all_records,percent_of_all_target,support_warning
GNPS,389560,63,389497,0.016172091590512375,87.75751568466225,94.02985074626866,
MassSpecGym,54345,4,54341,0.007360382739902475,12.242484315337741,5.970149253731343,LOW_TARGET_SUPPORT
TOTAL_RECORDS,443905,67,443838,0.015093319516563229,100.0,100.0,
TOTAL_ASSIGNMENTS,443905,67,443838,0.015093319516563229,100.0,100.0,
