atom_count,record_count,percent_of_formula_records,contains_target
0,443838,99.98490668048343,false
1,59,0.013291132111600455,true
2,8,0.0018021874049627734,true
