atom_count,record_count,percent_of_formula_records,contains_target
0,123926916,99.99735899700758,false
1,2820,0.002275474622248821,true
2,324,0.00026143750979029006,true
3,45,0.0000363107652486514,true
4,44,0.00003550385935423692,true
5,22,0.00001775192967711846,true
6,8,6.455247155315804e-6,true
7,2,1.613811788828951e-6,true
8,2,1.613811788828951e-6,true
9,2,1.613811788828951e-6,true
12,1,8.069058944144755e-7,true
13,2,1.613811788828951e-6,true
16,1,8.069058944144755e-7,true
