value,total_count,target_count,non_target_count,percent_target_within_group,percent_of_all_records,percent_of_all_target,support_warning
GNPS,389560,38771,350789,9.952510524694528,87.75751568466225,95.97970045797747,
MassSpecGym,54345,1624,52721,2.988315392400405,12.242484315337741,4.020299542022528,
TOTAL_RECORDS,443905,40395,403510,9.099920027933905,100.0,100.0,
TOTAL_ASSIGNMENTS,443905,40395,403510,9.099920027933905,100.0,100.0,
