atom_count,record_count,percent_of_formula_records,contains_target
0,403510,90.9000799720661,false
1,40381,9.096766199975221,true
2,14,0.0031538279586848534,true
