atom_count,record_count,percent_of_formula_records,contains_target
0,123929959,99.99981441164428,false
1,179,0.0001444361551001911,true
2,20,0.000016138117888289514,true
3,24,0.000019365741465947416,true
6,2,1.613811788828951e-6,true
8,2,1.613811788828951e-6,true
11,1,8.069058944144755e-7,true
14,1,8.069058944144755e-7,true
17,1,8.069058944144755e-7,true
