atom_count,record_count,percent_of_formula_records,contains_target
0,123928124,99.99833373932803,false
1,1837,0.0014822861280393916,true
2,155,0.0001250704136342437,true
3,31,0.000025014082726848746,true
4,28,0.000022593365043605318,true
5,8,6.455247155315804e-6,true
6,4,3.227623577657902e-6,true
7,1,8.069058944144755e-7,true
12,1,8.069058944144755e-7,true
