atom_count,record_count,percent_of_formula_records,contains_target
0,123929601,99.99952553933409,false
1,545,0.0004397637124558891,true
2,26,0.000020979553254776363,true
3,3,2.420717683243427e-6,true
4,4,3.227623577657902e-6,true
5,1,8.069058944144755e-7,true
6,1,8.069058944144755e-7,true
7,1,8.069058944144755e-7,true
8,3,2.420717683243427e-6,true
9,1,8.069058944144755e-7,true
12,3,2.420717683243427e-6,true
